slug,name,state,website_url,current_total_trails,agent_guess_beginner,agent_guess_intermediate,agent_guess_advanced,agent_guess_expert,agent_guess_terrain_park_count,agent_source,agent_notes,verified_beginner,verified_intermediate,verified_advanced,verified_expert,verified_terrain_park_count,verified_source_url,freelancer_notes
49-degrees-north,49 Degrees North Mountain Resort,WA,https://www.ski49n.com,88,,,,,,,,,,,,,,
afton-alps,Afton Alps,MN,https://www.aftonalps.com,,13,25,12,,,https://en.wikipedia.org/wiki/Afton_Alps,vail-owned wiki only; derived from 25/50/25% of 50 trails,,,,,,,
alpine-meadows,Alpine Meadows,CA,https://www.palisadestahoe.com,,25,40,35,,1,https://en.wikipedia.org/wiki/Alpine_Meadows_(ski_resort),derived from 25/40/35% of 100 trails,,,,,,,
alpine-valley-wi,Alpine Valley Resort (WI),WI,https://www.alpinevalleyresort.com,,,,,,,,,,,,,,,
alpine-valley-mi,Alpine Valley Ski Area (MI),MI,https://www.skialpinevalley.com,,,,,,,,,,,,,,,
alpine-valley-oh,Alpine Valley Ski Area (OH),OH,https://www.alpinevalleyohio.com,,,,,,,,,,,,,,,
alta,Alta Ski Area,UT,https://www.alta.com,116,17,35,64,,0,https://en.wikipedia.org/wiki/Alta_Ski_Area,derived from 15/30/55% of 116; advanced+expert combined,,,,,,,
alyeska-resort,Alyeska Resort,AK,https://www.alyeskaresort.com,,8,38,27,,,https://en.wikipedia.org/wiki/Alyeska_Resort,derived from 11/52/37% of 73,,,,,,,
andes-tower-hills,Andes Tower Hills,MN,https://www.andestowerhills.com,16,,,,,,,,,,,,,,
angel-fire-resort,Angel Fire Resort,NM,https://www.angelfireresort.com,,17,45,18,,3,https://en.wikipedia.org/wiki/Angel_Fire_Resort,derived from 21/56/23% of 80,,,,,,,
antelope-butte,Antelope Butte,WY,https://www.antelopebutte.org,40,,,,,,,,,,,,,,
anthony-lakes,Anthony Lakes Mountain Resort,OR,https://www.anthonylakes.com,,4,8,9,,1,https://en.wikipedia.org/wiki/Anthony_Lakes_(ski_area),derived from 20/38/42% of 21,,,,,,,
apple-mountain,Apple Mountain,MI,https://www.applemountain.com,,,,,,,,,,,,,,,
arctic-valley,Arctic Valley Ski Area,AK,https://skiarctic.net,15,2,10,12,,,https://en.wikipedia.org/wiki/Arctic_Valley,derived from 10/40/50% of 24,,,,,,,
arizona-snowbowl,Arizona Snowbowl,AZ,https://www.snowbowl.ski,61,20,23,12,,3,https://en.wikipedia.org/wiki/Arizona_Snowbowl,derived from 37/42/21% of 55,,,,,,,
ascutney-outdoors,Ascutney Outdoors,VT,https://www.ascutneyoutdoors.org,,,,,,,,,,,,,,,
attitash,Attitash Mountain Resort,NH,https://www.attitash.com,,20,30,18,,3,https://en.wikipedia.org/wiki/Attitash_Mountain_Resort,vail-owned wiki only; derived from 29/44/27% of 68,,,,,,,
badger-mountain-wa,Badger Mountain Ski Area,WA,http://www.nwwintersportsman.com/BadgerMt/index2.htm,,,,,,,,,,,,,,,
badger-pass,Badger Pass Ski Area (Yosemite),CA,https://www.travelyosemite.com/winter/yosemite-ski-snowboard-area/,,,,,,,,,,,,,,,
bear-basin-nordic-center,Bear Basin Nordic Center,ID,https://payettelakesskiclub.org/pages/bear-basin-nordic-center,,,,,,,,,,,,,,,
bear-creek-mountain-resort,Bear Creek Mountain Resort,PA,https://www.bcmountainresort.com,23,,,,,3,https://en.wikipedia.org/wiki/Bear_Creek_Mountain_Resort,wikipedia has total 21 but no breakdown,,,,,,,
bear-mountain,Bear Mountain,CA,https://www.bigbearmountainresort.com,,4,14,8,,13,https://en.wikipedia.org/wiki/Bear_Mountain_(ski_area),derived from 15+15/40/30% of 26,,,,,,,
bear-paw,Bear Paw Ski Bowl,MT,https://skibearpaw.com,,,,,,,,,,,,,,,
bear-valley-adventure-company,Bear Valley Adventure Company,CA,https://www.bvadventures.com/,38,,,,,,,,,,,,,,
bear-valley-mountain,Bear Valley Mountain Resort,CA,https://www.bearvalley.com,75,17,27,23,,,https://en.wikipedia.org/wiki/Bear_Valley_Mountain_Resort,derived from 25/40/35% of 67,,,,,,,
beartooth-basin,Beartooth Basin Summer Ski Area,WY,https://www.beartoothbasin.com,,,,,,1,https://en.wikipedia.org/wiki/Beartooth_Basin,wikipedia has 9 trails total no breakdown,,,,,,,
beaver-creek,Beaver Creek Resort,CO,https://www.beavercreek.com,167,47,63,57,,3,https://en.wikipedia.org/wiki/Beaver_Creek_Resort,vail-owned; derived from 28/38/34% of 167; advanced+expert combined,,,,,,,
beaver-mountain,Beaver Mountain,UT,https://www.skithebeav.com,48,16,19,12,,2,https://en.wikipedia.org/wiki/Beaver_Mountain,derived from 35/40/25% of 47,,,,,,,
bethel-village-trails,Bethel Village Trails,ME,https://woodsandtrails.org/,33,,,,,,,,,,,,,,
big-bear-ca,Big Bear Mountain Resort,CA,,,,,,,,,,,,,,,,
big-boulder,Big Boulder,PA,https://www.jfbb.com,18,,,,,,,,,,,,,,
big-squaw-mountain,Big Moose Mountain,ME,https://www.skibigsquaw.com,,,,,,,https://en.wikipedia.org/wiki/Big_Moose_Mountain,wikipedia has 33 trails no breakdown,,,,,,,
big-powderhorn-mountain,Big Powderhorn Mountain,MI,https://www.bigpowderhorn.net,45,,,,,2,https://en.wikipedia.org/wiki/Big_Powderhorn_Mountain,wikipedia notes 45 total even mix; no exact breakdown,,,,,,,
big-rock,Big Rock,ME,https://www.bigrockmaine.com,29,,,,,,,,,,,,,,
big-sky,Big Sky Resort,MT,https://www.bigskyresort.com,320,48,80,192,,7,https://en.wikipedia.org/wiki/Big_Sky_Resort,derived from 15/25/60% of 320; 60% advanced+expert combined,,,,,,,
bittersweet-ski-resort,Bittersweet Ski Resort,MI,https://www.skibittersweet.com,20,,,,,,,,,,,,,,
black-mountain-nh,Black Mountain (NH),NH,https://www.blackmt.com,,,,,,,,,,,,,,,
black-mountain-of-maine,Black Mountain of Maine,ME,https://www.skiblackmountain.org,31,,,,,1,https://en.wikipedia.org/wiki/Black_Mountain_of_Maine,wikipedia has 46 trails no breakdown,,,,,,,
black-area,Black Mountain Ski Area,NH,https://www.blackmt.com,45,,,,,,,,,,,,,,
blackjack-mountain,Blackjack Mountain,MI,https://www.skiblackjack.com,,,,,,,,,,,,,,,
blacktail,Blacktail Mountain Ski Area,MT,https://blacktailmountain.com,29,4,18,4,,,https://en.wikipedia.org/wiki/Blacktail_Mountain_Ski_Area,derived from 15/70/15% of 26,,,,,,,
bogus-basin,Bogus Basin,ID,https://www.bogusbasin.org,86,20,40,30,,3,https://en.wikipedia.org/wiki/Bogus_Basin,derived from 22/45/33% of 90,,,,,,,
bolton-valley,Bolton Valley,VT,https://www.boltonvalley.com,71,,,,,3,https://en.wikipedia.org/wiki/Bolton_Valley,wikipedia has 71 trails 3 parks no difficulty breakdown,,,,,,,
boreal-mountain-resort,Boreal Mountain Resort,CA,https://www.rideboreal.com,,12,23,6,,,https://en.wikipedia.org/wiki/Boreal_Mountain_Resort,derived from 30/55/15% of 41,,,,,,,
boston-mills,Boston Mills Ski Resort,OH,https://www.bmbw.com,,,,,,,,,,,,,,,
bousquet-mountain,Bousquet Mountain,MA,https://bousquetmountain.com,23,,,,,1,https://en.wikipedia.org/wiki/Bousquet_Mountain,wikipedia has 24 trails no breakdown,,,,,,,
boyne-mountain,Boyne Mountain Resort,MI,https://www.boynemountain.com,65,,,,,4,https://en.wikipedia.org/wiki/Boyne_Mountain,wikipedia has 60 trails 4 parks no exact breakdown,,,,,,,
brandywine,Brandywine Ski Resort,OH,https://www.bmbw.com,,,,,,,,,,,,,,,
bretton-woods,Bretton Woods,NH,https://www.brettonwoods.com,102,26,30,47,,1,https://en.wikipedia.org/wiki/Bretton_Woods_Mountain_Resort,derived from 25/29/46% of 102; 3-tier,,,,,,,
brian-head,Brian Head Resort,UT,https://www.brianhead.com,,25,25,14,7,,https://en.wikipedia.org/wiki/Brian_Head_Resort,derived from 35/35/20/10% of 71,,,,,,,
bridger-bowl,Bridger Bowl Ski Area,MT,https://bridgerbowl.com,75,,,,,,,,,,,,,,
brighton,Brighton Resort,UT,https://www.brightonresort.com,,14,26,26,,5,https://en.wikipedia.org/wiki/Brighton_Ski_Resort,derived from 21/40/39% of 66; advanced+expert combined as 39%,,,,,,,
bristol-mountain,Bristol Mountain,NY,https://www.bristolmountain.com,39,12,17,6,,2,https://en.wikipedia.org/wiki/Bristol_Mountain_Ski_Resort,derived from 33/49/18% of 35,,,,,,,
bruce-mound-winter-sports-area,Bruce Mound Winter Sports Area,WI,https://www.clarkcountywi.gov/brucemound?fbclid=IwY2xjawGGKnNleHRuA2FlbQIxMAABHVI0TRWfgUqgH2E-x8t200vmclOlQI6wlMJneID4P6hL7n2rBYvFIMewtg_aem___GnBCZLiGgScH-L8YrkfA,10,,,,,,,,,,,,,,
bryce-resort,Bryce Resort,VA,https://www.bryceresort.com,8,4,6,2,,1,https://en.wikipedia.org/wiki/Bryce_Resort,derived from 33/50/17% of 12,,,,,,,
buena-vista,Buena Vista Ski Area,MN,https://www.bvskiarea.com,,,,,,,,,,,,,,,
buffalo-ski-club,Buffalo Ski Club,NY,https://www.buffaloskiclub.com,43,,,,,,,,,,,,,,
caberfae-peaks,Caberfae Peaks,MI,https://www.caberfaepeaks.com,27,,,,,,,,,,,,,,
camden-snow-bowl,Camden Snow Bowl,ME,https://www.camdensnowbowl.com,15,,,,,2,https://en.wikipedia.org/wiki/Camden_Snow_Bowl,wikipedia has 15 trails 2 parks no breakdown,,,,,,,
camp-10-area,Camp 10 Ski Area,WI,https://www.facebook.com/CAMP10SKIAREA,15,,,,,,,,,,,,,,
campgaw-mountain,Campgaw Mountain,NJ,https://www.skicampgaw.com,,,,,,,,,,,,,,,
campton-mountain,Campton Mountain,NH,https://www.camptonmountain.com,,,,,,,,,,,,,,,
canaan-valley-resort,Canaan Valley Resort,WV,https://canaanresort.com,47,,,,,1,https://en.wikipedia.org/wiki/Canaan_Valley_Resort_State_Park,wikipedia has 47-49 trails 1 park no exact breakdown,,,,,,,
cannon-mountain,Cannon Mountain,NH,https://www.cannonmt.com,98,15,34,23,,,https://en.wikipedia.org/wiki/Cannon_Mountain_Ski_Area,derived from 21/47/32% of 73; no double blacks,,,,,,,
cannonsburg,Cannonsburg Ski Area,MI,https://www.cannonsburg.com,,,,,,,,,,,,,,,
cascade-mountain,Cascade Mountain,WI,https://www.cascademountain.com,48,18,12,18,,4,https://en.wikipedia.org/wiki/Cascade_Mountain_(ski_area),derived from 38/24/38% of 48; advanced+expert combined,,,,,,,
catamount-outdoor-family-center,Catamount Outdoor Family Center,VT,https://catamountoutdoor.org/,100,,,,,,,,,,,,,,
chapman-hill,Chapman Hill Ski Area,CO,https://www.durangogov.org,,,,,,,,,,,,,,,
cherry-peak,Cherry Peak Resort,UT,https://www.skithepeak.com,38,9,13,7,,1,https://en.wikipedia.org/wiki/Cherry_Peak_Resort,derived from 30/45/25% of 29,,,,,,,
china-peak,China Peak Mountain Resort,CA,https://www.skichinapeak.com,55,,,,,3,https://en.wikipedia.org/wiki/China_Peak,wikipedia has 45 trails 3 parks no difficulty breakdown,,,,,,,
christie,Christie Mountain,WI,https://www.christiemountain.com/,33,,,,,,,,,,,,,,
christmas-mountain,Christmas Mountain Village,WI,https://www.christmasmountainvillage.com,,,,,,,,,,,,,,,
cloudmont-ski-resort,Cloudmont Ski Resort,AL,https://ww1.cloudmont.com,,,,,,,,,,,,,,,
cochrans-ski-area,Cochran's Ski Area,VT,https://www.cochranskiarea.com,,,,,,,,,,,,,,,
cooper-spur,Cooper Spur Mountain Resort,OR,https://cooperspur.com,,,,,,,,,,,,,,,
cooper-spur-area,Cooper Spur Ski Area,OR,https://www.cooperspur.com,9,,,,,,,,,,,,,,
copper-mountain,Copper Mountain,CO,https://www.coppercolorado.com,,29,35,50,25,,https://en.wikipedia.org/wiki/Copper_Mountain_(Colorado),derived from 21/25/36/18% of 140 trails; rounded,,,,,,,
cottonwood-butte,Cottonwood Butte,ID,https://www.cottonwoodbutte.org,,,,,,,,,,,,,,,
cranor-ski-hill,Cranor Ski Hill,CO,https://www.gunnisonco.gov,,,,,,,,,,,,,,,
crested-butte,Crested Butte Mountain Resort,CO,https://www.skicb.com,121,28,69,24,,2,https://en.wikipedia.org/wiki/Crested_Butte_Mountain_Resort,vail-owned; derived from 23/57/20% of 121 trails; advanced+expert combined,,,,,,,
crosscut-sports-center,Crosscut Mountain Sports Center,MT,https://www.crosscutmt.org/,35,,,,,,,,,,,,,,
crotched-mountain,Crotched Mountain,NH,https://www.crotchedmountain.com,,,,,,,,,,,,,,,
crystal-mountain,Crystal Mountain,WA,https://www.crystalmountainresort.com,,9,43,28,,2,https://en.wikipedia.org/wiki/Crystal_Mountain_(Washington),derived from 11/54/35% of 80 trails; advanced+expert combined,,,,,,,
crystal,Crystal Mountain,MI,https://www.crystalmountain.com,59,,,,,,,,,,,,,,
crystal-ridge,Crystal Ridge,WI,https://crystalridge.com/,6,,,,,,,,,,,,,,
cuchara,Cuchara,CO,https://www.cucharamountainpark.org/,9,,,,,,,,,,,,,,
dartmouth-skiway,Dartmouth Skiway,NH,https://www.skiway.dartmouth.edu,28,8,15,8,,1,https://en.wikipedia.org/wiki/Dartmouth_Skiway,derived from 25/50/25% of 30 trails; advanced+expert combined,,,,,,,
deer-valley,Deer Valley Resort,UT,https://www.deervalley.com,,71,89,42,,0,https://en.wikipedia.org/wiki/Deer_Valley,derived from 35/44/21% of 202 trails; advanced+expert combined,,,,,,,
detroit,Detroit Mountain,MN,https://detroitmountain.com,21,,,,,,,,,,,,,,
detroit-mountain,Detroit Mountain Recreation Area,MN,https://www.detroitmountain.com,,,,,,,,,,,,,,,
devils-head,Devil's Head Resort,WI,https://www.devilsheadresort.com,,,,,,,,,,,,,,,
diamond-peak,Diamond Peak,NV,https://www.diamondpeak.com,28,5,14,11,,3,https://en.wikipedia.org/wiki/Diamond_Peak_(ski_area),derived from 18/46/36% of 30 trails; advanced+expert combined,,,,,,,
discovery,Discovery Ski Area,MT,https://www.skidiscovery.com,,,,,,,,,,,,,,,
dodge-ridge,Dodge Ridge,CA,https://www.dodgeridge.com,67,,,,,,,,,,,,,,
dog-creek-lodge-nordic-center,Dog Creek Lodge & Nordic Center,MT,http://www.dogcreeklodge.com,25,,,,,,,,,,,,,,
dry-hill-area,Dry Hill Ski Area,NY,https://www.skidryhill.com/,13,,,,,,,,,,,,,,
eagle-point,Eagle Point Resort,UT,https://www.eaglepointresort.com,40,,,,,,,,,,,,,,
eagle-rock-resort,Eagle Rock Resort,PA,https://www.eaglerockresort.com,,,,,,,,,,,,,,,
eaglecrest,Eaglecrest,AK,https://skieaglecrest.com,36,7,14,14,,,https://en.wikipedia.org/wiki/Eaglecrest_Ski_Area,derived from 20/40/40% of 36 trails; expert listed under advanced category,,,,,,,
eaglecrest-ski-area,Eaglecrest Ski Area,AK,https://skieaglecrest.com,,7,14,14,,,https://en.wikipedia.org/wiki/Eaglecrest_Ski_Area,derived from 20/40/40% of 36 trails; expert listed under advanced category,,,,,,,
echo-valley,Echo Valley Ski Area,WA,https://skiechovalley.com/,,,,,,,,,,,,,,,
eldora,Eldora Mountain Resort,CO,https://www.eldora.com,,11,26,16,,4,https://en.wikipedia.org/wiki/Eldora_Mountain_Resort,derived from 20/50/30% of 53 trails,,,,,,,
elko-snobowl,Elko SnoBowl,NV,https://www.elkocity.com/snobowl/,,,,,,,,,,,,,,,
enchanted-forest-xc,Enchanted Forest XC,NM,https://enchantedforestxc.com/,35,,,,,,,,,,,,,,
ferguson-ridge,Ferguson Ridge Ski Area,OR,https://skifergi.com,8,,,,,,,,,,,,,,
four-lakes,Four Lakes Alpine Snowsports,IL,https://www.fourlakessnowsports.com/,,,,,,,,,,,,,,,
franconia-village-xc-area,Franconia Village XC Ski Area,NH,https://www.franconiainn.com/xc-ski?_gl=1%2Ax38lyk%2A_up%2AMQ..%2A_ga%2ANDkyNTk4NzA3LjE3NzE4NjgxNzg.%2A_ga_JJJ2MYL08H%2AczE3NzE4NjgxNzckbzEkZzEkdDE3NzE4Njg2MjEkajUwJGwwJGgw%2A_gs%2AMQ..%2A_ga_46TC8C9QG1%2AczE3NzE4NjgxNzckbzEkZzAkdDE3NzE4Njg2MjEkajUwJGwwJGgw%2A_ga_GHTCZD51QN%2AczE3NzE4NjgxNzckbzEkZzEkdDE3NzE4Njg2MjEkajUwJGwwJGgw&gclid=CjwKCAiAkvDMBhBMEiwAnUA9BRh1ssFpmvh_5RU37IVnwaOOmiRc4XPs1H1vqSpgO_KOlAiiLuEf-RoCXu8QAvD_BwE&gbraid=0AAAAAoSUQgGz6jre7ZbKctx5sQvgIJhjS,12,,,,,,,,,,,,,,
garnet-hill-xc,Garnet Hill XC,NY,https://www.garnet-hill.com/outdoor-center/webcam/,35,,,,,,,,,,,,,,
giants-ridge,Giants Ridge,MN,https://www.giantsridge.com,,11,18,7,,2,https://en.wikipedia.org/wiki/Giants_Ridge,derived from 30/50/20% of 35 trails,,,,,,,
gore-mountain,Gore Mountain,NY,https://goremountain.com,110,,,,,,,,,,,,,,
granby-ranch,Granby Ranch,CO,https://www.granbyranch.com,43,,,,,,,,,,,,,,
grand-targhee,Grand Targhee Resort,WY,https://www.grandtarghee.com,,9,65,14,5,2,https://en.wikipedia.org/wiki/Grand_Targhee_Resort,derived from 10/70/15/5% of 93 trails,,,,,,,
granite-gorge,Granite Gorge,NH,https://www.granitegorge.com,,7,3,9,,,https://en.wikipedia.org/wiki/Granite_Gorge_Ski_Area,derived from 39/16/48% of 19 trails; expert mapped to advanced,,,,,,,
granite-peak,Granite Peak Ski Area,WI,https://www.skigranitepeak.com,62,,,,,,,,,,,,,,
great-bear,Great Bear Recreation Park,SD,https://www.greatbearpark.com,14,,,,,,,,,,,,,,
great-bear-valley,Great Bear Ski Valley,SD,https://www.greatbearpark.com,14,,,,,,,,,,,,,,
great-divide,Great Divide,MT,https://www.skigd.com,,,,,,,,,,,,,,,
great-glen-trails-outdoor-center,Great Glen Trails Outdoor Center,NH,https://greatglentrails.com/cross-country-skiing/?_gl=1%2Aqitcvz%2A_up%2AMQ..%2A_gs%2AMQ..&gclid=CjwKCAiAkvDMBhBMEiwAnUA9BZ6kNL4vegv6BQD_C82hd7pI8lI1ty6BH6gkk6SHvR7OfZLV-E40MBoCbe4QAvD_BwE&gbraid=0AAAAApFtTRt_XANX2BB0O-CyvlwPep5xO,22,,,,,,,,,,,,,,
gunstock-mountain-resort,Gunstock Mountain Resort,NH,https://www.gunstock.com,49,7,34,15,,1,https://en.wikipedia.org/wiki/Gunstock_Mountain_Resort,derived from 12/61/27% of 55 trails; expert mapped to advanced,,,,,,,
haymaker-nordic-center,Haymaker Nordic Center,CO,https://nordicski.net/haymaker-nordic-center/,4,,,,,,,,,,,,,,
heavenly-mountain-resort,Heavenly Mountain Resort,CA,https://www.skiheavenly.com,,19,44,34,,3,https://en.wikipedia.org/wiki/Heavenly_Mountain_Resort,vail-owned; derived from 20/45/35% of 97 trails,,,,,,,
hermon-mountain,Hermon Mountain,ME,https://www.skihermonmountain.com,,,,,,,,,,,,,,,
hesperus-ski-area,Hesperus Ski Area,CO,https://www.ski-hesperus.com,,8,5,,13,,https://en.wikipedia.org/wiki/Hesperus_Ski_Area,derived from 30/20/50% of 26 trails; expert listed in expert column,,,,,,,
hidden-valley,Hidden Valley (PA),PA,https://www.hiddenvalleyresort.com,,,,,,,,,,,,,,,
hidden-valley-mo,Hidden Valley Ski Resort (MO),MO,https://www.hiddenvalleyski.com,,,,,,,,,,,,,,,
high-point-xc-center,High Point XC Ski Center,NJ,https://www.xcskihighpoint.com/home,6,,,,,,,,,,,,,,
hoedown-hill,Hoedown Hill,CO,https://www.hoedownhill.com,,,,,,,,,,,,,,,
hogadon,Hogadon Basin Ski Area,WY,https://www.hogadon.net,,6,11,11,,1,https://en.wikipedia.org/wiki/Hogadon_Ski_Area,derived from 20/40/40% of 28 trails; expert mapped to advanced,,,,,,,
holiday-mountain,Holiday Mountain,NY,https://www.holidaymtn.com,,,,,,,,,,,,,,,
holimont,HoliMont,NY,https://www.holimont.com,55,,,,,,,,,,,,,,
homestake-lodge,Homestake Lodge,MT,,21,,,,,,,,,,,,,,
homewood-mountain-resort,Homewood Mountain Resort,CA,https://www.skihomewood.com,67,9,30,21,,2,https://en.wikipedia.org/wiki/Homewood_Mountain_Resort,derived from 15/50/35% of 60 trails,,,,,,,
hoodoo,Hoodoo,OR,http://skihoodoo.com,36,7,13,14,,,https://en.wikipedia.org/wiki/Hoodoo_Ski_Area,derived from 20/39/41% of 34 trails; expert mapped to advanced,,,,,,,
hoodoo-ski-area,Hoodoo Ski Area,OR,https://www.skihoodoo.com,,7,13,14,,,https://en.wikipedia.org/wiki/Hoodoo_Ski_Area,derived from 20/39/41% of 34 trails; expert mapped to advanced,,,,,,,
howelsen-hill,Howelsen Hill Ski Area,CO,https://www.steamboatsprings.net,19,,,,,,,,,,,,,,
huff-hills,Huff Hills Ski Area,ND,https://www.huffhills.com,16,,,,,,,,,,,,,,
hunt-hollow-club,Hunt Hollow Ski Club,NY,https://www.hunthollow.com/Home,21,,,,,,,,,,,,,,
hurricane-ridge,Hurricane Ridge Ski and Snowboard Area,WA,https://hurricaneridge.com,12,,,,,,,,,,,,,,
jack-frost-mountain,Jack Frost Mountain,PA,https://www.jfbb.com,20,,,,,,,,,,,,,,
jackson-xc,Jackson XC,NH,,60,,,,,,,,,,,,,,
jay-peak,Jay Peak,VT,https://www.jaypeakresort.com,81,,,,,,,,,,,,,,
jiminy-peak,Jiminy Peak,MA,https://www.jiminypeak.com,45,,,,,,,,,,,,,,
june-mountain,June Mountain,CA,https://www.junemountain.com,,6,16,18,,4,https://en.wikipedia.org/wiki/June_Mountain,derived from 15/40/45% of 41 trails,,,,,,,
kelly-canyon,Kelly Canyon Ski Resort,ID,https://skikelly.com,27,,,,,,,,,,,,,,
keystone,Keystone Resort,CO,https://www.keystoneresort.com,,26,43,66,,,https://en.wikipedia.org/wiki/Keystone_Resort,vail-owned; derived from 19/32/49% of 135 trails,,,,,,,
killington,Killington,VT,https://www.killington.com,155,43,51,61,,5,https://en.wikipedia.org/wiki/Killington_Ski_Resort,derived from 28/33/39% of 155 trails; advanced+expert combined,,,,,,,
kirkwood-mountain-resort,Kirkwood Mountain Resort,CA,https://www.kirkwood.com,,8,20,38,,2,https://en.wikipedia.org/wiki/Kirkwood_Mountain_Resort,vail-owned; derived from 12/30/58% of 65 trails; advanced+expert combined,,,,,,,
kissing-bridge,Kissing Bridge,NY,https://www.kbski.com,39,,,,,,,,,,,,,,
labrador-mountain,Labrador Mountain,NY,https://www.labradormtn.com,,,,,,,,,,,,,,,
lake-city-ski-hill,Lake City Ski Hill,CO,https://www.lakecity.com,,,,,,,,,,,,,,,
leavenworth-ski-hill,Leavenworth Ski Hill,WA,https://skileavenworth.com,,,,,,,,,,,,,,,
leavenworth-winter-sports-club,Leavenworth Winter Sports Club,WA,https://skileavenworth.com/webcams,3,,,,,,,,,,,,,,
lee-canyon,Lee Canyon,NV,https://www.leecanyonlv.com,,4,11,9,,1,https://en.wikipedia.org/wiki/Las_Vegas_Ski_and_Snowboard_Resort,derived from 15/45/40% of 24 trails; adv+exp combined,,,,,,,
lees-ski-hill,Lee's Ski Hill,CO,https://www.cityofouray.com,,,,,,,,,,,,,,,
little-ski-hill,Little Ski Hill,ID,https://littleskihill.org,14,,,,,,,,,,,,,,
little-switzerland,Little Switzerland,WI,https://www.littleswitz.com,16,,,,,,,,,,,,,,
loge-glacier,LOGE Glacier,MT,https://www.logecamps.com/journal/glacier-area-guide,20,,,,,,,,,,,,,,
lost-trail,Lost Trail Powder Mountain,MT,https://www.losttrail.com,69,12,36,12,,2,https://en.wikipedia.org/wiki/Lost_Trail_Powder_Mountain,derived from 20/60/20% of 60 trails; adv+exp combined,,,,,,,
lost-valley,Lost Valley,ME,https://www.lostvalleyski.com,22,,,,,,,,,,,,,,
loup-loup,Loup Loup Ski Bowl,WA,https://skitheloup.com,14,,,,,,,,,,,,,,
lyndon-outing-club,Lyndon Outing Club,VT,https://www.skilyndon.com/,,,,,,,,,,,,,,,
mad-river-glen,Mad River Glen,VT,https://www.madriverglen.com,,,,,,,https://en.wikipedia.org/wiki/Mad_River_Glen,60 trails but no difficulty breakdown in wiki; terrain parks Yes but unspecified,,,,,,,
mad-river-mountain,Mad River Mountain,OH,https://www.skimadriver.com,,,,,,2,https://en.wikipedia.org/wiki/Mad_River_Mountain,vail-owned; 20 trails but no difficulty breakdown,,,,,,,
magic-mountain-id,Magic Mountain Resort,ID,https://magicmountainresort.com,11,,,,,,,,,,,,,,
mammoth,Mammoth Mountain,CA,,,26,84,65,,8,https://en.wikipedia.org/wiki/Mammoth_Mountain_Ski_Area,derived from 15/48/37% of 175 trails; 3-tier wikipedia,,,,,,,
mammoth-mountain,Mammoth Mountain Ski Area,CA,https://www.mammothmountain.com,178,26,84,65,,8,https://en.wikipedia.org/wiki/Mammoth_Mountain_Ski_Area,derived from 15/48/37% of 175 trails; 3-tier wikipedia,,,,,,,
maple-ski-ridge,Maple Ski Ridge,NY,https://www.mapleskiridge.com,8,,,,,,,,,,,,,,
maplelag,Maplelag Resort,MN,https://www.maplelag.com/,17,,,,,,,,,,,,,,
marquette-mountain,Marquette Mountain,MI,https://www.marquettemountain.com,29,4,12,9,,,https://en.wikipedia.org/wiki/Marquette_Mountain,derived from 15/50/35% of 25 trails; adv+exp combined; 0 parks,,,,,,,
massanutten-resort,Massanutten Resort,VA,https://www.massresort.com,23,,,,,,,,,,,,,,
maverick-mountain,Maverick Mountain Ski Area,MT,https://skimaverick.com,,6,9,4,4,,https://en.wikipedia.org/wiki/Maverick_Mountain_Ski_Area,derived from 27/37/18/18% of 24 runs,,,,,,,
mccauley-mountain,McCauley Mountain,NY,https://www.mccauleyny.com,21,,,,,,https://en.wikipedia.org/wiki/McCauley_Mountain_(New_York),21 trails but no difficulty breakdown,,,,,,,
mcintyre-ski-area,McIntyre Ski Area,NH,https://www.mcintyreskiarea.com,11,8,1,,,,https://en.wikipedia.org/wiki/McIntyre_Ski_Area,derived from 90/10% of 9 trails,,,,,,,
meadowlark,Meadowlark Ski Lodge,WY,https://www.meadowlarkskilodge.com,14,,,,,,,,,,,,,,
middlebury-snow-bowl,Middlebury Snow Bowl,VT,https://www.middleburysnowbowl.com,17,,,,,,https://en.wikipedia.org/wiki/Middlebury_College_Snow_Bowl,17 trails but no difficulty breakdown in wiki,,,,,,,
minocqua-winter-park,Minocqua Winter Park,WI,,30,,,,,,,,,,,,,,
mission-ridge,Mission Ridge Ski & Board Resort,WA,https://www.missionridge.com,54,,,,,,,,,,,,,,
mohawk,Mohawk Mountain,CT,https://www.mohawkmtn.com,26,,,,,,https://en.wikipedia.org/wiki/Mohawk_Mountain_Ski_Area,27 trails but no difficulty breakdown,,,,,,,
mohawk-mountain-ski-area,Mohawk Mountain Ski Area,CT,https://www.mohawkmtn.com,27,,,,,,https://en.wikipedia.org/wiki/Mohawk_Mountain_Ski_Area,27 trails but no difficulty breakdown,,,,,,,
montana-snowbowl,Montana Snowbowl,MT,https://www.montanasnowbowl.com,39,,,,,,https://en.wikipedia.org/wiki/Montana_Snowbowl,39 trails but no difficulty breakdown in wiki,,,,,,,
moose,Moose Mountain,AK,https://shredthemoose.com/,42,,,,,,https://en.wikipedia.org/wiki/Moose_Mountain_(Alaska),40 runs intermediate/advanced; no precise breakdown; no terrain parks,,,,,,,
mount-bohemia,Mount Bohemia,MI,https://www.mtbohemia.com,,,3,,,0,https://en.wikipedia.org/wiki/Mount_Bohemia,95 trails; only 3 intermediate blues + remainder single/double/triple black; expert-only mountain; no terrain parks,,,,,,,
mount-itasca,Mount Itasca,MN,https://www.mtitasca.com/,,,,,,,,,,,,,,,
mount-jefferson-ski-area,Mount Jefferson Ski Area,ME,https://www.skimtjefferson.com,,,,,,,,,,,,,,,
mount-kato,Mount Kato,MN,https://www.mountkato.com,19,,,,,,https://en.wikipedia.org/wiki/Mount_Kato,19 trails but no difficulty breakdown,,,,,,,
mount-la-crosse,Mount La Crosse,WI,https://www.mtlacrosse.com,,,,,,,,,,,,,,,
mount-peter,Mount Peter,NY,https://mtpeter.com,13,,,,,,,,,,,,,,
mt-eyak,Mt Eyak,AK,https://www.mteyak.org/,10,,,,,,https://en.wikipedia.org/wiki/Mt._Eyak,10 trails but no difficulty breakdown,,,,,,,
mt-la-crosse,Mt La Crosse,WI,https://mtlacrosse.com/,20,,,,,,,,,,,,,,
mount-ashwabay,Mt. Ashwabay,WI,https://www.mtashwabay.org,,,,,,,,,,,,,,,
mt-brighton,Mt. Brighton,MI,https://www.mtbrighton.com,,8,10,7,,1,https://en.wikipedia.org/wiki/Mt._Brighton,vail-owned; derived from 30/40/30% of 25 trails; adv+exp combined,,,,,,,
mt-crescent,Mt. Crescent Ski Area,IA,https://www.skicrescent.com,,,,,,,,,,,,,,,
mt-eyak-ski-area,Mt. Eyak Ski Area,AK,https://mteyak.org,,,,,,,https://en.wikipedia.org/wiki/Mt._Eyak,10 trails but no difficulty breakdown,,,,,,,
mt-holiday,Mt. Holiday,MI,https://mt-holiday.com/ski-and-snowboarding/,12,,,,,,,,,,,,,,
mount-holly,Mt. Holly,MI,https://www.skimtholly.com,,,,,,,,,,,,,,,
mt-hood-skibowl,Mt. Hood Skibowl,OR,https://www.skibowl.com,,,,,,2,https://www.skibowl.com/about-skibowl/trail-map/,website notes 2 progressive terrain parks; no public difficulty breakdown,,,,,,,
mt-lemmon-ski-valley,Mt. Lemmon Ski Valley,AZ,https://www.skithelemmon.com,,,,,,,,,,,,,,,
mt-spokane,Mt. Spokane Ski and Snowboard Park,WA,https://www.mtspokane.com,53,,,,,1,https://www.mtspokane.com/,53 runs total; no public difficulty breakdown; 1 large terrain park,,,,,,,
mystic-mountain,Mystic Mountain,PA,https://www.nemacolin.com,,,,,,,,,,,,,,,
nordic-mountain,Nordic Mountain,WI,https://www.nordicmountain.com,16,,,,,,,,,,,,,,
nordic-valley,Nordic Valley,UT,https://www.nordicvalley.com,,8,12,20,,1,https://en.wikipedia.org/wiki/Wolf_Mountain_Ski_Resort,renamed from Wolf Mountain; derived from 20/30/50% of 40 trails; adv+exp combined,,,,,,,
north-cascade-heli,North Cascade Heli,WA,https://heli-ski.com/,,,,,,,,,,,,,,,
northeast-slopes,Northeast Slopes,VT,https://www.northeastslopes.org,12,,,,,,https://en.wikipedia.org/wiki/Northeast_Slopes,12 trails but no difficulty breakdown; volunteer-run,,,,,,,
northern-maine-community-trails,Northern Maine Community Trails,ME,https://www.nmctrails.org/,16,,,,,,,,,,,,,,
norway-mountain,Norway Mountain,MI,https://www.norwaymountain.com,17,,,,,,,,,,,,,,
nubs-nob,Nub's Nob,MI,https://www.nubsnob.com,53,,,,10,,https://en.wikipedia.org/wiki/Nub%27s_Nob,53 runs; only expert count (10) explicit in wiki; rest narrative,,,,,,,
oak-mountain,Oak Mountain,NY,https://www.oakmountainski.com,,,,,,,,,,,,,,,
oglebay-resort,Oglebay Resort,WV,https://oglebay.com,,,,,,,,,,,,,,,
okemo-mountain-resort,Okemo Mountain Resort,VT,https://www.okemo.com,123,,,,,8,https://en.wikipedia.org/wiki/Okemo_Mountain,vail-owned; wiki only gives total 121 and 'evenly divided' across 3 categories — no usable counts,,,,,,,
otis-ridge,Otis Ridge,MA,https://otisridge.com,,,,,,,,,,,,,,,
otsego-resort,Otsego Resort,MI,https://www.otsegoresort.com,,,,,,,,,,,,,,,
palisades-tahoe,Palisades Tahoe,CA,https://www.palisadestahoe.com,,,,,,2,https://en.wikipedia.org/wiki/Palisades_Tahoe,total 177+ but no difficulty breakdown,,,,,,,
paoli-peaks,Paoli Peaks,IN,https://www.paolipeaks.com,,4,8,3,,2,https://en.wikipedia.org/wiki/Paoli_Peaks,vail-owned; derived from wiki 15 trails with 25/55/20% beginner/intermediate/advanced; 3-tier,,,,,,,
park-city,Park City Mountain Resort,UT,https://www.parkcitymountain.com,324,52,188,108,,4,https://en.wikipedia.org/wiki/Park_City_Mountain_Resort,vail-owned; derived from wiki 348 trails with 15/54/31% beginner/intermediate/expert; single+double black combined as advanced,,,,,,,
paul-bunyan-hill,Paul Bunyan Ski Hill,WI,https://skipaulbunyan.com/,14,,,,,,,,,,,,,,
peek-n-peak,Peek'n Peak,NY,https://www.pknpk.com,26,,,,,4,https://en.wikipedia.org/wiki/Peek%27n_Peak,wiki gives 25 total and 4 parks but no difficulty breakdown,,,,,,,
pico-mountain,Pico Mountain,VT,https://www.picomountain.com,,,,,,,,,,,,,,,
pine-knob,Pine Knob,MI,https://www.pineknobskiresort.com,,,,,,3,https://en.wikipedia.org/wiki/Pine_Knob_Ski_Area,wiki gives 17 total and 3 parks but no difficulty breakdown,,,,,,,
pine-mountain,Pine Mountain Resort,MI,https://www.pinemountainresort.com,35,,,,,,,,,,,,,,
plain-valley-trails,Plain Valley Ski Trails,WA,https://www.skiplain.com/,,,,,,,,,,,,,,,
shawnee-peak,Pleasant Mountain,ME,https://www.pleasantmountain.com,44,,,,,,,,,,,,,,
pomerelle,Pomerelle Mountain Resort,ID,https://pomerelle-mtn.com,32,5,12,7,,,https://en.wikipedia.org/wiki/Pomerelle,derived from wiki 24 trails 20/50/30% 3-tier,,,,,,,
porcupine-mountains,Porcupine Mountains Ski Area,MI,https://www.porkiesfun.com,,,,,,,,,,,,,,,
powder-ridge-mountain-park,Powder Ridge Mountain Park & Resort,CT,https://powderridgepark.com,,,,,,,,,,,,,,,
powder-ridge,Powder Ridge Winter Recreation Area,MN,https://www.powderridge.com,13,,,,,,,,,,,,,,
powderhorn,Powderhorn Resort,CO,https://www.powderhorn.com,40,,,,,,,,,,,,,,
powderhouse-hill,Powderhouse Hill,ME,https://www.powderhousehill.com,,,,,,,,,,,,,,,
quarry-road-trails,Quarry Road Trails,ME,https://quarryroad.org/,22,,,,,,,,,,,,,,
quechee-club,Quechee Club,VT,https://www.quecheeclub.com,,,,,,,,,,,,,,,
ragged-mountain,Ragged Mountain,NH,https://www.raggedmountainresort.com,57,,,,,3,https://en.wikipedia.org/wiki/Ragged_Mountain_Resort,wiki gives 57 total and 3 parks but no difficulty breakdown,,,,,,,
rangeley-lakes-trail-center,Rangeley Lakes Trail Center,ME,,35,,,,,,,,,,,,,,
red-river-ski-area,Red River Ski & Summer Area,NM,https://www.redriverskiarea.com,,,,,,,,,,,,,,,
rikert-nordic-center,Rikert Nordic Center,VT,https://www.rikertoutdoor.com/,35,,,,,,,,,,,,,,
rikert-outdoor-center,Rikert Outdoor Center,VT,https://www.rikertoutdoor.com,,,,,,,,,,,,,,,
rotarun,Rotarun Ski Area,ID,https://rotarun.com,,,,,,,,,,,,,,,
royal-mountain,Royal Mountain,NY,https://www.royalmountain.com,,,,,,,,,,,,,,,
sapphire-valley-resort,Sapphire Valley Resort,NC,https://sapphirevalleyresorts.com/amenities/ski-sapphire-valley/,,,,,,,,,,,,,,,
saskadena-six,Saskadena Six,VT,https://www.saskadenasix.com,,,,,,1,https://en.wikipedia.org/wiki/Saskadena_Six,wiki gives 28 total and 1 park but no difficulty breakdown,,,,,,,
saskadena-six-area,Saskadena Six Ski Area,VT,https://www.saskadenasix.com,28,,,,,1,https://en.wikipedia.org/wiki/Saskadena_Six,duplicate slug; same data as saskadena-six,,,,,,,
schuss-shanty-creek,Schuss Mountain at Shanty Creek,MI,https://www.shantycreek.com,42,,,,,,,,,,,,,,
seven-oaks,Seven Oaks Recreation,IA,https://www.sevenoaksrec.com,12,,,,,,,,,,,,,,
shanty-creek,Shanty Creek Resorts,MI,https://www.shantycreek.com,42,,,,,2,https://www.shantycreek.com,site shows 42 total + 2 parks but no difficulty breakdown,,,,,,,
shawnee-mountain,Shawnee Mountain Ski Area,PA,https://shawneemt.com,23,,,,,2,https://en.wikipedia.org/wiki/Shawnee_Mountain_Ski_Area,wiki gives 23 total and 2 parks but no difficulty breakdown,,,,,,,
showdown,Showdown Montana,MT,https://showdownmontana.com,,,,,,,,,,,,,,,
silverton-mountain,Silverton Mountain,CO,https://www.silvertonmountain.com,,,,,,0,https://en.wikipedia.org/wiki/Silverton_Mountain,no groomed runs/cut trails; advanced+expert only; 0 terrain parks,,,,,,,
skaneateles-club,Skaneateles Ski Club,NY,https://www.skiskan.com/,7,,,,,,,,,,,,,,
big-bear-pa,Ski Big Bear,PA,https://www.ski-bigbear.com,18,,,,,,,,,,,,,,
ski-gull,Ski Gull,MN,https://www.skigull.com,,,,,,,,,,,,,,,
ski-sawmill,Ski Sawmill,PA,https://www.skisawmill.com,13,,,,,,,,,,,,,,
ski-ward,Ski Ward,MA,https://www.skiward.com,,,,,,,,,,,,,,,
sleeping-giant,Sleeping Giant Ski Area,WY,https://www.skisg.com,,,,,,,,,,,,,,,
sleepy-hollow,Sleepy Hollow Sports Park,IA,https://www.sleepyhollowsportspark.com,,,,,,,,,,,,,,,
snow-creek,Snow Creek,MO,https://www.skisnowcreek.com,,,,,,,,,,,,,,,
snow-king,Snow King Mountain,WY,https://www.snowkingmountain.com,41,6,13,15,,3,https://en.wikipedia.org/wiki/Snow_King_Mountain | https://www.snowkingmountain.com,wiki 35 total + 3 parks; site text 6 beginner/13 intermediate/15 expert (advanced+expert combined); 3-tier-ish,,,,,,,
snow-ridge,Snow Ridge,NY,https://www.snowridge.com,33,,,,,,,,,,,,,,
snow-snake,Snow Snake Mountain,MI,https://www.snowsnake.net,,,,,,,,,,,,,,,
snow-summit,Snow Summit,CA,https://www.bigbearmountainresort.com,,3,21,8,,,https://en.wikipedia.org/wiki/Snow_Summit,derived from wiki 31 trails with 10% beginner/65% intermediate (low+std combined)/25% advanced; 2 named parks (no count provided),,,,,,,
snow-trails,Snow Trails,OH,https://www.snowtrails.com,21,,,,,5,https://www.snowtrails.com,site lists 21 trails + 5 parks but no difficulty breakdown,,,,,,,
snowhaven,Snowhaven,ID,https://www.grangevilleidaho.com,,7,2,,,,https://en.wikipedia.org/wiki/Snowhaven,derived from wiki 9 trails with 75/25% beginner/intermediate; no advanced/expert,,,,,,,
snowriver,Snowriver,MI,https://www.snowriver.com,53,,,,,4,https://en.wikipedia.org/wiki/Snowriver_Mountain_Resort,wiki gives Jackson Creek breakdown (10/7/7/4) but Black River basin only as % — total breakdown not reliably combinable,,,,,,,
snowshoe-mountain,Snowshoe Mountain,WV,https://www.snowshoemtn.com,56,,,,,4,https://en.wikipedia.org/wiki/Snowshoe_Mountain | https://www.snowshoemtn.com/mountain-info/mountain-stats,site gives % terrain by acres not trail counts; 60 total trails per wiki,,,,,,,
snowstar,Snowstar Winter Park,IL,https://skisnowstar.com/,15,,,,,,,,,,,,,,
snowy-range,Snowy Range Ski Area,WY,https://www.snowyrangeski.com,,,,,,,,,,,,,,,
soda-springs,Soda Springs Mountain Resort,CA,https://www.skisodasprings.com,,,,,,,,,,,,,,,
soldier-hollow,Soldier Hollow,UT,https://www.soldierhollow.org,,,,,,,,,,,,,,,
soldier-mountain,Soldier Mountain,ID,https://soldiermountain.com,35,,,,,,,,,,,,,,
solitude,Solitude Mountain Resort,UT,https://www.solitudemountain.com,,8,32,40,,,https://en.wikipedia.org/wiki/Solitude_Mountain_Resort,derived from wiki 80 trails with 10/40/50% 3-tier; advanced+expert combined per source,,,,,,,
song-mountain,Song Mountain,NY,https://www.songmountain.com,,,,,,,,,,,,,,,
spirit-mountain,Spirit Mountain,MN,https://www.spiritmt.com,22,,,,,,,,,,,,,,
spout-springs,Spout Springs Ski Area,OR,https://spoutspringsskiarea.com,,6,6,5,,,https://en.wikipedia.org/wiki/Spout_Springs_Ski_Area,derived from %; 17 trails 35/35/30; closed since 2017-18 season,,,,,,,
spring-mountain,Spring Mountain,PA,https://www.springmountainadventures.com,,,,,,,,,,,,,,,
spruce-mountain-ski-area,Spruce Mountain Ski Area,ME,https://www.sprucemountain.org,,,,,,,,,,,,,,,
steamboat,Steamboat Ski Resort,CO,https://www.steamboat.com,182,24,71,75,,6,https://en.wikipedia.org/wiki/Steamboat_Ski_Resort,derived from %; 170 trails 14/42/44; single+double black combined,,,,,,,
steamboat-touring-center,Steamboat Ski Touring Center,CO,https://nordicski.net/steamboat-ski-touring-center/,7,,,,,,,,,,,,,,
stevens-pass,Stevens Pass,WA,https://www.stevenspass.com,,4,20,13,,3,https://en.wikipedia.org/wiki/Stevens_Pass_Ski_Area,vail-owned; derived from %; 37 trails 11/54/35; single+double black combined,,,,,,,
stowe-mountain-resort,Stowe Mountain Resort,VT,https://www.stowe.com,,19,64,35,,4,https://en.wikipedia.org/wiki/Stowe_Mountain_Resort,vail-owned; derived from %; 116 trails 16/55/30; single+double black combined,,,,,,,
stratton-mountain,Stratton Mountain,VT,https://www.stratton.com,99,40,35,25,,,https://en.wikipedia.org/wiki/Stratton_Mountain_Resort,derived from %; 99 trails 40/35/25; single+double black combined,,,,,,,
sugar-bowl-resort,Sugar Bowl Resort,CA,https://www.sugarbowl.com,105,18,46,39,,,https://en.wikipedia.org/wiki/Sugar_Bowl_Ski_Resort,derived from %; 103 trails 17/45/38; single+double black combined,,,,,,,
sugar-mountain-resort,Sugar Mountain Resort,NC,https://www.skisugar.com,,,,,,,,,,,,,,,
summit-ski-area,Summit Ski Area,OR,https://summitskiarea.com,,,,,,,,,,,,,,,
sun-valley,Sun Valley Resort,ID,https://www.sunvalley.com,121,44,51,24,2,,https://en.wikipedia.org/wiki/Sun_Valley,derived from %; 121 trails 36/42/20/2,,,,,,,
sunburst,Sunburst,WI,https://www.skisunburst.com,,,,,,,,,,,,,,,
sunburst-area,Sunburst Ski Area,WI,https://skisunburst.com/,11,,,,,,,,,,,,,,
sundance,Sundance Mountain Resort,UT,https://www.sundanceresort.com,,9,18,18,,2,https://en.wikipedia.org/wiki/Sundance_Mountain_Resort,derived from %; 44 trails 20/40/40; single+double black combined,,,,,,,
sunday-river,Sunday River,ME,https://www.sundayriver.com,139,45,49,26,16,,https://en.wikipedia.org/wiki/Sunday_River_Ski_Resort,derived from %; 135 trails 33/36/19/12,,,,,,,
sundown-mountain,Sundown Mountain,IA,https://www.sundownmtn.com,21,,,,,,,,,,,,,,
sunlight-mountain,Sunlight Mountain Resort,CO,https://www.sunlightmtn.com,77,13,37,13,3,1,https://en.wikipedia.org/wiki/Sunlight_Mountain_Resort,derived from %; 67 trails 20/55/20/5,,,,,,,
sunrise-park-resort,Sunrise Park Resort,AZ,https://www.sunriseskipark.com,,31,19,17,,1,https://en.wikipedia.org/wiki/Sunrise_Park_Resort,derived from %; 67 trails 46/28/25; advanced+expert combined,,,,,,,
swain-resort,Swain Resort,NY,https://www.swain.com,35,,,,,,,,,,,,,,
swiss-valley,Swiss Valley Ski & Snowboard Area,MI,https://www.skiswissvalley.com,12,,,,,,,,,,,,,,
tahoe-donner-downhill,Tahoe Donner Downhill Ski Area,CA,https://www.tahoedonner.com,,4,6,4,,,https://en.wikipedia.org/wiki/Tahoe_Donner_Downhill_Ski_Area,derived from %; 14 trails 30/40/30,,,,,,,
tamarack,Tamarack Resort,ID,https://www.tamarackidaho.com,50,9,23,19,,3,https://en.wikipedia.org/wiki/Tamarack_Resort,derived from %; 50 trails 17/45/38; single+double black combined,,,,,,,
taos-ski-valley,Taos Ski Valley,NM,https://www.skitaos.com,110,26,28,56,,2,https://en.wikipedia.org/wiki/Taos_Ski_Valley,derived from %; 110 trails 24/25/51; single+double black combined,,,,,,,
telluride,Telluride Ski Resort,CO,https://www.tellurideskiresort.com,127,29,46,52,,3,https://en.wikipedia.org/wiki/Telluride_Ski_Resort,derived from %; 127 trails 23/36/41; single+double black combined,,,,,,,
tenney-mountain,Tenney Mountain,NH,https://www.tenneymtn.com,53,,,,,,,,,,,,,,
terry-peak,Terry Peak Ski Area,SD,https://www.terrypeak.com,30,,,,,1,https://en.wikipedia.org/wiki/Terry_Peak,wikipedia infobox: 30 total trails 1 terrain park; no difficulty breakdown,,,,,,,
teton-pass,Teton Pass Ski Area,MT,https://www.skitetonmt.com/,,,,,,,,,,,,,,,
highlands,The Highlands,MI,,,,,,,3,https://en.wikipedia.org/wiki/Boyne_Highlands,55 total trails 3 parks; no difficulty breakdown; aka Boyne Highlands,,,,,,,
the-highlands,The Highlands (Boyne Highlands),MI,https://www.highlandsatharborsprings.com,,,,,,3,https://en.wikipedia.org/wiki/Boyne_Highlands,55 total trails 3 parks; no difficulty breakdown,,,,,,,
homestead-resort,The Homestead,MI,https://www.thehomesteadresort.com,,,,,,,,,,,,,,,
loppet,The Loppet,MN,https://loppet.org/,16,,,,,,,,,,,,,,
the-omni-homestead-resort,The Omni Homestead Resort,VA,https://www.omnihotels.com/hotels/homestead-virginia,,,,,,,,,,,,,,,
the-rock-snowpark,The Rock Snowpark,WI,https://www.therocksnowpark.com,,,,,,,,,,,,,,,
the-summit-at-snoqualmie,The Summit at Snoqualmie,WA,https://www.summitatsnoqualmie.com,,9,28,25,,,https://en.wikipedia.org/wiki/The_Summit_at_Snoqualmie,derived from %; 62 trails 14/45/41; single+double black combined,,,,,,,
thrill-hills,Thrill Hills,ND,https://skithrillhills.com/,10,,,,,,,,,,,,,,
thunder-ridge-ski-area,Thunder Ridge Ski Area,NY,https://thunderridgeski.com,23,10,4,7,,1,https://en.wikipedia.org/wiki/Thunder_Ridge_Ski_Area,derived from %; 21 trails 48/19/33,,,,,,,
timberline-lodge,Timberline Lodge Ski Area,OR,https://www.timberlinelodge.com,,7,18,11,,,https://en.wikipedia.org/wiki/Timberline_Lodge_ski_area,derived from %; 35 trails 20/50/30; single+double black combined,,,,,,,
titcomb-mountain,Titcomb Mountain,ME,https://www.titcombmountain.com,,,,,,,https://en.wikipedia.org/wiki/Titcomb_Mountain,16 total trails; no difficulty breakdown,,,,,,,
titus-mountain,Titus Mountain,NY,https://www.titusmountain.com,53,,,,,,https://en.wikipedia.org/wiki/Titus_Mountain,52 trails/glades/parks; no difficulty breakdown,,,,,,,
trapp-family-lodge,Trapp Family Lodge,VT,https://www.trappfamily.com/skiing-snowshoeing.htm,24,,,,,,,,,,,,,,
treetops-resort,Treetops Resort,MI,https://www.treetops.com,25,,,,,,,,,,,,,,
trollhaugen,Trollhaugen,WI,https://www.trollhaugen.com,30,8,12,7,,4,https://en.wikipedia.org/wiki/Trollhaugen,derived from %; 30 trails 28/40/22; single+double black combined; 3-4 parks rounded to 4,,,,,,,
turner-mountain,Turner Mountain Ski Resort,MT,https://www.skiturner.com,,,,,,,,,,,,,,,
turpin-meadow-ranch,Turpin Meadow Ranch,WY,https://turpinmeadowranch.com/web-cam/,7,,,,,,,,,,,,,,
tussey-mountain,Tussey Mountain,PA,https://www.tusseymountain.com,8,,,,,,,,,,,,,,
tyrol-basin,Tyrol Basin,WI,https://www.tyrolbasin.com,,,,,,5,https://en.wikipedia.org/wiki/Tyrol_Basin,22 total trails 5 parks; no numeric breakdown,,,,,,,
tyrol-basin-and-snowboard,Tyrol Basin Ski and Snowboard,WI,https://www.tyrolbasin.com,24,,,,,5,https://en.wikipedia.org/wiki/Tyrol_Basin,22 total trails 5 parks; no numeric breakdown; likely dup of tyrol-basin,,,,,,,
vail,Vail Ski Resort,CO,https://www.vail.com,195,35,57,103,,2,https://en.wikipedia.org/wiki/Vail_Ski_Resort,vail-owned; derived from %; 195 trails 18/29/53; single+double black combined; +superpipe,,,,,,,
victor-constant-ski-area,Victor Constant Ski Area,NY,https://westpoint.armymwr.com/programs/victor-constant-ski-area,,,,,,,,,,,,,,,
villa-olivia,Villa Olivia,IL,https://www.villaolivia.com,,,,,,,,,,,,,,,
warner-canyon,Warner Canyon Ski Area,OR,https://warnercanyonski.com/,,,,,,,,,,,,,,,
waterville-valley,Waterville Valley,NH,https://www.waterville.com,62,9,37,16,,6,https://en.wikipedia.org/wiki/Waterville_Valley_Resort,derived from %; 62 trails 15/59/26,,,,,,,
welch-village,Welch Village,MN,https://www.welchvillage.com,,,,,,2,https://en.wikipedia.org/wiki/Welch_Village,50 trails 2 parks; no numeric difficulty breakdown,,,,,,,
west-mountain,West Mountain,NY,https://www.westmtn.net,35,6,20,8,,2,https://en.wikipedia.org/wiki/West_Mountain_(ski_area),derived from %; 31 trails 20/65/25 (note: percentages sum to 110%); single+double black combined,,,,,,,
whaleback-mountain,Whaleback Mountain,NH,https://www.whaleback.com,31,,,,,,,,,,,,,,
white-grass-touring,White Grass Ski Touring,WV,https://whitegrass.com,44,,,,,,,,,,,,,,
white-pass,White Pass Ski Area,WA,https://skiwhitepass.com,45,14,23,9,,2,https://en.wikipedia.org/wiki/White_Pass_(ski_area),derived from %; 45 trails 30/50/20; single+double black combined,,,,,,,
white-pine,White Pine Ski Resort,WY,https://www.whitepineski.com,27,,,,,,,,,,,,,,
white-pine-touring-nordic-center,White Pine Touring Nordic Center,UT,,5,,,,,,,,,,,,,,
whitecap-mountains,Whitecap Mountains,WI,https://www.skiwhitecap.com,48,,,,,,https://en.wikipedia.org/wiki/Whitecap_Mountains,article mentions 43 runs; no difficulty breakdown,,,,,,,
whiteface-mountain,Whiteface Mountain,NY,https://whiteface.com,94,23,43,28,,7,https://en.wikipedia.org/wiki/Whiteface_Mountain,derived from %; 94 trails 24/46/30; single+double black combined,,,,,,,
whitefish,Whitefish Mountain Resort,MT,https://skiwhitefish.com,110,14,33,37,9,1,https://en.wikipedia.org/wiki/Whitefish_Mountain_Resort,derived from %; 93 trails 15/35/40/10,,,,,,,
whitetail-resort,Whitetail Resort,PA,https://www.skiwhitetail.com,,,,,,,,,,,,,,,
wild-mountain,Wild Mountain,MN,https://www.wildmountain.com,,,,,,4,https://en.wikipedia.org/wiki/Wild_Mountain,26 runs 4 parks; no difficulty breakdown,,,,,,,
wildcat-mountain,Wildcat Mountain,NH,https://www.skiwildcat.com,,12,22,15,,,https://en.wikipedia.org/wiki/Wildcat_Mountain_Ski_Area,vail-owned; derived from %; 49 trails 25/45/30; single+double black combined; no terrain park,,,,,,,
willamette-pass,Willamette Pass Resort,OR,https://www.willamettepass.com,,6,13,10,,1,https://en.wikipedia.org/wiki/Willamette_Pass_Resort,derived from %; 29 trails 20/45/35; single+double black combined,,,,,,,
willard-mountain,Willard Mountain,NY,https://www.willardmountain.com,20,,,,,,,,,,,,,,
wilmot-mountain,Wilmot Mountain,WI,https://www.wilmotmountain.com,,,,,,2,https://en.wikipedia.org/wiki/Wilmot_Mountain,vail-owned; 23 trails 2 parks; no difficulty breakdown,,,,,,,
winter-park,Winter Park Resort,CO,https://www.winterparkresort.com,171,13,30,32,92,,https://en.wikipedia.org/wiki/Winter_Park_Resort,derived from %; 167 trails 8/18/19/52/3; expert=most-difficult+expert,,,,,,,
wintergreen-resort,Wintergreen Resort,VA,https://www.wintergreenresort.com,26,6,9,11,,1,https://en.wikipedia.org/wiki/Wintergreen_Resort,derived from %; 26 trails 23/35/42; single+double black combined,,,,,,,
wisp-resort,Wisp Resort,MD,https://www.wispresort.com,,,,,,,,,,,,,,,
wolf-creek,Wolf Creek Ski Area,CO,https://www.wolfcreekski.com,,15,27,35,,,https://en.wikipedia.org/wiki/Wolf_Creek_Ski_Area,derived from %; 77 trails 20/35/45; single+double black combined,,,,,,,
woods-valley,Woods Valley,NY,https://www.woodsvalleyskiarea.com,,,,,,,,,,,,,,,
woodstock-nordic-center,Woodstock Nordic Center,VT,,48,,,,,,,,,,,,,,
woodward-park-city,Woodward Park City,UT,https://www.woodwardparkcity.com,,,,,,,,,,,,,,,
yellowstone-club,Yellowstone Club,MT,https://www.yellowstoneclub.com,,,,,,,,,,,,,,,